Place (total),Place (class),Category,Start Number,Name,Team,Time
1,1,Engelbrektsloppet 45 Tävling Herrar,5020,Anders Boström,XC Sthlm Ski Club,2:03:51
2,2,Engelbrektsloppet 45 Tävling Herrar,5011,Jakob Karlsson,Idrottsklubben Nocout.se,2:03:52
3,3,Engelbrektsloppet 45 Tävling Herrar,5015,Olof PERSSON,DPONLY Ski Club,2:03:52
4,4,Engelbrektsloppet 45 Tävling Herrar,5016,Patric Vilhelmsson ,Norbergs CK,2:06:34
5,5,Engelbrektsloppet 45 Tävling Herrar,5005,Joakim Thalin,Idrottsklubben Fryken,2:11:50
6,6,Engelbrektsloppet 45 Tävling Herrar,5018,Peter Henningsson,IKJ Haninge,2:11:51
7,7,Engelbrektsloppet 45 Tävling Herrar,5116,Magnus Jonsson,Broby Gymnastik o Idrottsförening,2:11:55
8,8,Engelbrektsloppet 45 Tävling Herrar,5019,Johan Jakobsson,XC Sthlm Ski Club,2:13:49
9,9,Engelbrektsloppet 45 Tävling Herrar,5008,Tomas Lundin,Uppsala VK,2:14:22
10,10,Engelbrektsloppet 45 Tävling Herrar,5001,Andreas Hasselknippe,Föreningen Engelbrektsloppet,2:14:46
11,11,Engelbrektsloppet 45 Tävling Herrar,5013,Patrik Lehtonen,IF Åland,2:15:05
12,1,Engelbrektsloppet 45 Tävling Damer,4501,Linnea Johansson,Linköpings Skidklubb,2:15:08
13,12,Engelbrektsloppet 45 Tävling Herrar,5017,Fredrik Olsson,Norrbärke Skidklubb,2:17:08
14,13,Engelbrektsloppet 45 Tävling Herrar,5014,Martin  Höglund ,Sundbybergs Idrottsklubb,2:17:48
15,14,Engelbrektsloppet 45 Tävling Herrar,5025,Fredrik  Bergdahl ,Sundbybergs Idrottsklubb,2:19:26
16,15,Engelbrektsloppet 45 Tävling Herrar,5139,Magnus Eriksson,Nacka Värmdö Skidklubb,2:19:41
17,16,Engelbrektsloppet 45 Tävling Herrar,5117,Joel Larsson,Hägersta Gymnastikförening,2:19:49
18,17,Engelbrektsloppet 45 Tävling Herrar,5112,Simon  Markusson,IF Ski Team Skåne,2:19:50
19,18,Engelbrektsloppet 45 Tävling Herrar,5002,Patrik Murray,Nacka Värmdö Skidklubb,2:20:16
20,19,Engelbrektsloppet 45 Tävling Herrar,5134,Oliver Mitts,Västerås Skidklubb,2:20:26
21,20,Engelbrektsloppet 45 Tävling Herrar,5010,Jonathan Bergman,Fagersta Södra Idrottsklubb,2:20:51
22,21,Engelbrektsloppet 45 Tävling Herrar,5115,Anders Örnhed,XC Sthlm Ski Club,2:21:20
23,22,Engelbrektsloppet 45 Tävling Herrar,5109,Olov  Clausen,Snö och Tö skidklubb,2:21:22
24,23,Engelbrektsloppet 45 Tävling Herrar,5142,Tobias Sjögren,IFK Hedemora Skidklubb,2:21:26
25,24,Engelbrektsloppet 45 Tävling Herrar,5007,Erik  Månsson ,Friluftsklubben Göingarna,2:21:28
26,25,Engelbrektsloppet 45 Tävling Herrar,5120,Ulf Haglund,Skidklubben Skinnsberg,2:22:31
27,26,Engelbrektsloppet 45 Tävling Herrar,5236,Alexander Göthlund Issjö,XC Sthlm Ski Club,2:22:36
28,27,Engelbrektsloppet 45 Tävling Herrar,5106,Edvin Bergström,AXA Sports Club,2:22:36
29,28,Engelbrektsloppet 45 Tävling Herrar,5127,Mats Risberg,IF Ski Team Skåne,2:22:56
30,29,Engelbrektsloppet 45 Tävling Herrar,5012,Linus Studeny,Sundbybergs Idrottsklubb,2:23:30
31,30,Engelbrektsloppet 45 Tävling Herrar,5128,Fredrik lundell,Norrbärke Skidklubb,2:23:50
32,31,Engelbrektsloppet 45 Tävling Herrar,5114,David Svensson,Falköpings AIK Skidklubb,2:24:18
33,32,Engelbrektsloppet 45 Tävling Herrar,5102,Victor Hedfors,Fagersta Södra Idrottsklubb,2:24:36
34,33,Engelbrektsloppet 45 Tävling Herrar,5178,Anders Westerlund,Snö och Tö skidklubb,2:24:37
35,34,Engelbrektsloppet 45 Tävling Herrar,20082,Lars Janlöv,IF Åland,2:24:40
36,35,Engelbrektsloppet 45 Tävling Herrar,5110,Johan Sundblom,IF Åland,2:24:53
37,36,Engelbrektsloppet 45 Tävling Herrar,5154,Kalle Knutsson,Vreta Skid o MK,2:25:04
38,37,Engelbrektsloppet 45 Tävling Herrar,5246,Adam Brangefält ,Västerås Skidklubb,2:25:22
39,38,Engelbrektsloppet 45 Tävling Herrar,5162,Magnus Hansson,JMs Personalförening,2:26:07
40,39,Engelbrektsloppet 45 Tävling Herrar,5006,Per Pettersson,Hägersta Gymnastikförening,2:26:20
41,40,Engelbrektsloppet 45 Tävling Herrar,5138,Joakim Wagner Larsson,Brottby Sportklubb,2:26:23
42,41,Engelbrektsloppet 45 Tävling Herrar,5140,Björn Norberg,Hällbybrunns Idrottsförening,2:26:29
43,42,Engelbrektsloppet 45 Tävling Herrar,5113,Mattias  Jenefeldt ,Gimo IF Skidklubb,2:26:51
44,43,Engelbrektsloppet 45 Tävling Herrar,5135,Peter Kujanpää,Bålsta Skidklubb,2:27:16
45,2,Engelbrektsloppet 45 Tävling Damer,4506,Maja Mörth,Gagnefs Idrottsförening,2:28:00
46,44,Engelbrektsloppet 45 Tävling Herrar,5118,Stefan Carlsson,Berber IS,2:28:00
47,45,Engelbrektsloppet 45 Tävling Herrar,5107,Martin Welin-Berger,Hammarby IF Skidförening,2:28:02
48,46,Engelbrektsloppet 45 Tävling Herrar,5270,Rickard Redendal,Järfälla Skidklubb,2:28:06
49,1,Engelbrektsloppet 45 Motion,5786,Magnus Persson,Idrottsföreningen Thor,2:28:06
50,47,Engelbrektsloppet 45 Tävling Herrar,5103,ingar mikkelsen,Funäsdalens Idrottsförening,2:28:11
51,48,Engelbrektsloppet 45 Tävling Herrar,5126,Joar  Svartholm ,Orienteringsklubben Linné,2:28:59
52,49,Engelbrektsloppet 45 Tävling Herrar,5111,Jonas Fyrqvist,IF Åland,2:29:08
53,2,Engelbrektsloppet 45 Motion,5384,Erik Björck,AXA Sports Club,2:29:31
54,50,Engelbrektsloppet 45 Tävling Herrar,5122,Peter Åhlen,Norbergs CK,2:30:40
55,51,Engelbrektsloppet 45 Tävling Herrar,5161,Fredrik Barkskog,Norrbärke Skidklubb,2:30:41
56,52,Engelbrektsloppet 45 Tävling Herrar,5130,Erik Karlström,Jokkmokks Skidklubb,2:30:46
57,53,Engelbrektsloppet 45 Tävling Herrar,5129,Johan Hagsten,Snö och Tö skidklubb,2:30:47
58,54,Engelbrektsloppet 45 Tävling Herrar,5009,Martin Belak,AXA Sports Club,2:30:48
59,55,Engelbrektsloppet 45 Tävling Herrar,5104,Göran  Klinga ,Snö och Tö skidklubb,2:30:49
60,56,Engelbrektsloppet 45 Tävling Herrar,5299,Niclas Viltelund,Sockertoppen IF,2:30:51
61,57,Engelbrektsloppet 45 Tävling Herrar,5180,Markus Norling,AXA Sports Club,2:31:12
62,58,Engelbrektsloppet 45 Tävling Herrar,5202,Anders Ekman,Norbergs CK,2:31:37
63,59,Engelbrektsloppet 45 Tävling Herrar,5136,Per Kaijser,AXA Sports Club,2:31:47
64,3,Engelbrektsloppet 45 Tävling Damer,4505,Anna Svärdström,Sundbybergs Idrottsklubb,2:32:05
65,60,Engelbrektsloppet 45 Tävling Herrar,5121,Mats-Erik Larsson,Ryda Skidklubb,2:32:44
66,61,Engelbrektsloppet 45 Tävling Herrar,5187,Kalle Widlert,Venjans Allmänna Idrottsklubb,2:33:37
67,62,Engelbrektsloppet 45 Tävling Herrar,5241,Valentin Krehl,Föreningen Engelbrektsloppet,2:33:49
68,63,Engelbrektsloppet 45 Tävling Herrar,5125,Fredrik  Borgström ,Avesta Orienteringsklubb,2:33:54
69,64,Engelbrektsloppet 45 Tävling Herrar,5160,Marco Kahelin,Västerås Skidklubb,2:34:37
70,65,Engelbrektsloppet 45 Tävling Herrar,5172,Benny Johansson,Hägersta Gymnastikförening,2:34:43
71,66,Engelbrektsloppet 45 Tävling Herrar,5190,Per Troedson,Storvreta Idrottsklubb,2:34:47
72,67,Engelbrektsloppet 45 Tävling Herrar,5169,Marcus Berglund,Källbottens Idrottsklubb,2:34:51
73,68,Engelbrektsloppet 45 Tävling Herrar,5165,Anders Sandström,Karlslunds IF,2:35:04
74,69,Engelbrektsloppet 45 Tävling Herrar,5123,David  Boija,Österfärnebo Idrottsförening,2:35:06
75,70,Engelbrektsloppet 45 Tävling Herrar,5171,Pontus Rosberg,Uppsala VK,2:35:39
76,71,Engelbrektsloppet 45 Tävling Herrar,5159,Lars  Wahlberg,Rembo IK,2:35:41
77,4,Engelbrektsloppet 45 Tävling Damer,4510,Cecilia Oscarsson,Rembo IK,2:35:43
78,72,Engelbrektsloppet 45 Tävling Herrar,5119,Staffan Bråsjö,Nacka Värmdö Skidklubb,2:35:57
79,73,Engelbrektsloppet 45 Tävling Herrar,5141,"Thomas ""BeRrA"" Berggren",Falu IK Skidklubb,2:36:07
80,74,Engelbrektsloppet 45 Tävling Herrar,5221,Stefan Wahlström,Föreningen Engelbrektsloppet,2:36:09
81,3,Engelbrektsloppet 45 Motion,5188,Jesper Arnflo, ,2:36:10
82,75,Engelbrektsloppet 45 Tävling Herrar,5105,Michael Thorén,Motala AIF Skidklubb,2:36:11
83,76,Engelbrektsloppet 45 Tävling Herrar,5003,Daniel  Ehn,Team Pumpen SK,2:36:55
84,77,Engelbrektsloppet 45 Tävling Herrar,5233,Mats Karlsson,Berber IS,2:37:00
85,78,Engelbrektsloppet 45 Tävling Herrar,5101,Henrik  Junno,Fagersta Södra Idrottsklubb,2:37:01
86,5,Engelbrektsloppet 45 Tävling Damer,4509,Sara Tuomaala ,Vreta Skid o MK,2:37:01
87,79,Engelbrektsloppet 45 Tävling Herrar,5184,Erik Nord,Ställbergs Idrottsklubb,2:37:07
88,6,Engelbrektsloppet 45 Tävling Damer,4502,Ingela  Kraft,AXA Sports Club,2:37:09
89,80,Engelbrektsloppet 45 Tävling Herrar,5163,Peter Skogert,JMs Personalförening,2:37:10
90,81,Engelbrektsloppet 45 Tävling Herrar,5151,Tommy Andersson,Stockholms Rullskidklubb,2:37:10
91,82,Engelbrektsloppet 45 Tävling Herrar,5227,Stefan Ehnvall,AXA Sports Club,2:37:38
92,83,Engelbrektsloppet 45 Tävling Herrar,5164,Per Ågren,Västerås Skidklubb,2:37:58
93,84,Engelbrektsloppet 45 Tävling Herrar,5132,Sebastian Wiman,Snö och Tö skidklubb,2:37:59
94,85,Engelbrektsloppet 45 Tävling Herrar,5108,Samuel Rydberg,Norbergs Orienteringsklubb,2:38:03
95,4,Engelbrektsloppet 45 Motion,5780,Mattias Holfve,AXA Sports Club,2:38:18
96,86,Engelbrektsloppet 45 Tävling Herrar,5182,Patrick Elfqvist,Storsjömäklarna Sportklubb,2:38:19
97,7,Engelbrektsloppet 45 Tävling Damer,4503,Jenni Ehn Gårdhage,Team Pumpen SK,2:38:30
98,87,Engelbrektsloppet 45 Tävling Herrar,5250,Jonas Sundell,Umara Sports Club,2:38:32
99,88,Engelbrektsloppet 45 Tävling Herrar,5205,Johan Schützer ,Gillberga Skidklubb,2:38:37
100,8,Engelbrektsloppet 45 Tävling Damer,4522,Åsa Stigers,IFK Hedemora Skidklubb,2:38:38
101,89,Engelbrektsloppet 45 Tävling Herrar,5232,Per Samuelsson,Uppsala VK,2:38:38
102,90,Engelbrektsloppet 45 Tävling Herrar,5185,Patrik Tobiasson,Säters IF Skidklubb,2:39:43
103,91,Engelbrektsloppet 45 Tävling Herrar,5237,Adam  Jonsson ,Valbo Allmänna Idrottsförening,2:39:49
104,92,Engelbrektsloppet 45 Tävling Herrar,5186,Jesper Bergström ,AXA Sports Club,2:40:11
105,9,Engelbrektsloppet 45 Tävling Damer,4504,Anna Hellström,AXA Sports Club,2:40:11
106,93,Engelbrektsloppet 45 Tävling Herrar,5158,Rickard Forsell,Norbergs Skidklubb,2:40:11
107,5,Engelbrektsloppet 45 Motion,5567,Andreas Eriksson,Norrbärke Skidklubb,2:40:12
108,94,Engelbrektsloppet 45 Tävling Herrar,5166,Peter  Ericson,Arboga Skidklubb,2:40:21
109,6,Engelbrektsloppet 45 Motion,5618,Michael  Hedström,Zinkgruvans Idrottsförening,2:40:26
110,95,Engelbrektsloppet 45 Tävling Herrar,5133,Mikko Salomäki,Snö och Tö skidklubb,2:41:02
111,7,Engelbrektsloppet 45 Motion,5607,Mathias  Karlsson ,Berber IS,2:41:33
112,96,Engelbrektsloppet 45 Tävling Herrar,5251,Jakob  Renvaktar ,Leksand Snowboard & Freestyle Club,2:41:43
113,97,Engelbrektsloppet 45 Tävling Herrar,5230,Jonathan  Holmsved ,Föreningen Engelbrektsloppet,2:41:44
114,98,Engelbrektsloppet 45 Tävling Herrar,5192,Gustav Forslid,AXA Sports Club,2:41:55
115,99,Engelbrektsloppet 45 Tävling Herrar,5167,Per Lidestedt,Hammarby IF Skidförening,2:41:58
116,100,Engelbrektsloppet 45 Tävling Herrar,5124,Christoffer Kraft,AXA Sports Club,2:42:27
117,101,Engelbrektsloppet 45 Tävling Herrar,5152,Peter Lillbacka,"Duveds Idrottsförening, Runacademy IF",2:42:43
118,10,Engelbrektsloppet 45 Tävling Damer,4507,Hedvig Lindqvist,IK Rex,2:42:53
119,102,Engelbrektsloppet 45 Tävling Herrar,5189,Manne Held,Skellefteå Skidklubb,2:43:00
120,8,Engelbrektsloppet 45 Motion,5776,Måns Rosén,AXA Sports Club,2:43:06
121,103,Engelbrektsloppet 45 Tävling Herrar,5157,Tom Sjögren,Gnosjö Friluftsklubb,2:43:23
122,9,Engelbrektsloppet 45 Motion,5681,Tor Briseid,AXA Sports Club,2:44:04
123,10,Engelbrektsloppet 45 Motion,5347,Theodor Berg,AXA Sports Club,2:44:08
124,104,Engelbrektsloppet 45 Tävling Herrar,5274,Johan Anterud,AXA Sports Club,2:45:23
125,105,Engelbrektsloppet 45 Tävling Herrar,5177,Mikael Nordin,Rembo IK,2:45:43
126,106,Engelbrektsloppet 45 Tävling Herrar,5179,Elias Norrby,AXA Sports Club,2:45:55
127,107,Engelbrektsloppet 45 Tävling Herrar,5247,Ulf Gustafsson ,Ryda Skidklubb,2:46:19
128,108,Engelbrektsloppet 45 Tävling Herrar,5168,Magnus Thörewik,IF Hallby SOK,2:47:10
129,109,Engelbrektsloppet 45 Tävling Herrar,5271,Robin Söderqvist,AXA Sports Club,2:47:17
130,11,Engelbrektsloppet 45 Motion,5751,Hugo Bodinson,AXA Sports Club,2:47:25
131,110,Engelbrektsloppet 45 Tävling Herrar,5170,Daniel Egerlid Jenefeldt,Karlslunds IF,2:47:47
132,12,Engelbrektsloppet 45 Motion,5611,Daniel Zettervall,"Balingsta Cardio Club, Backe Idrottsförening",2:47:58
133,111,Engelbrektsloppet 45 Tävling Herrar,5193,Niklas Brate,Strängnäs-Malmby OL,2:48:33
134,112,Engelbrektsloppet 45 Tävling Herrar,5203,Samuel Lindström,"Rembo IK, Rembo IK",2:49:28
135,113,Engelbrektsloppet 45 Tävling Herrar,5153,Anders Eriksson,Ulriksbergs Idrottsklubb,2:49:56
136,13,Engelbrektsloppet 45 Motion,5782,Victor Björklund ,Umara Sports Club,2:50:01
137,14,Engelbrektsloppet 45 Motion,5591,Johan Saarela,Härnösands AK,2:50:20
138,114,Engelbrektsloppet 45 Tävling Herrar,5225,Patric Flink,Enhörna Idrottsförening,2:50:41
139,15,Engelbrektsloppet 45 Motion,5543,jonas jonsson,Korsnäs IF Skidklubb,2:50:46
140,16,Engelbrektsloppet 45 Motion,5603,Emrik Jansson,Team Smiling,2:51:15
141,115,Engelbrektsloppet 45 Tävling Herrar,5265,Henrik von Perner,AXA Sports Club,2:51:23
142,17,Engelbrektsloppet 45 Motion,5593,Staffan Lundholm,Perstorp AB IF,2:51:38
143,116,Engelbrektsloppet 45 Tävling Herrar,5235,Johan  Sandberg,AXA Sports Club,2:51:44
144,18,Engelbrektsloppet 45 Motion,5559,Bengt Hellman, ,2:51:51
145,11,Engelbrektsloppet 45 Tävling Damer,4527,Erica Didriksson,Karlslunds IF,2:51:53
146,19,Engelbrektsloppet 45 Motion,5544,Eric Brinck,Korsnäs IF Skidklubb,2:51:55
147,20,Engelbrektsloppet 45 Motion,5707,Mårten Granfors,IFK Mora Skidklubb,2:52:24
148,21,Engelbrektsloppet 45 Motion,5799,Fredric Jansson,Kumla Skidförening,2:52:57
149,22,Engelbrektsloppet 45 Motion,5321,Magnus  Bergman ,Kumla Skidförening,2:52:59
150,23,Engelbrektsloppet 45 Motion,5397,Viljam Palosaari,AXA Sports Club,2:53:19
151,24,Engelbrektsloppet 45 Motion,5635,Henrik Granström,Västerås Skidklubb,2:53:30
152,25,Engelbrektsloppet 45 Motion,5392,Rickard Paulsson,Finspångs Skid och Orienteringsklubb,2:53:51
153,117,Engelbrektsloppet 45 Tävling Herrar,5267,Ruben Svartholm,Gammelstads IF,2:53:52
154,118,Engelbrektsloppet 45 Tävling Herrar,5204,Oscar Kihl,AXA Sports Club,2:53:57
155,26,Engelbrektsloppet 45 Motion,5664,Johan  Lönnqvist ,AXA Sports Club,2:53:59
156,27,Engelbrektsloppet 45 Motion,5696,Malin Stach, ,2:54:08
157,28,Engelbrektsloppet 45 Motion,5695,Anders Stach, ,2:54:14
158,29,Engelbrektsloppet 45 Motion,5320,Erik Gunnarsson, ,2:54:58
159,30,Engelbrektsloppet 45 Motion,5339,Anders Lindhe,Sundbybergs Idrottsklubb,2:55:01
160,119,Engelbrektsloppet 45 Tävling Herrar,10021,Erik Svensson,Sisu Forshaga Sportklubb,2:55:05
161,120,Engelbrektsloppet 45 Tävling Herrar,5256,Kåre Karyd,Skuttunge Sportklubb,2:55:10
162,121,Engelbrektsloppet 45 Tävling Herrar,5176,Andreas Arthursson,Team Pumpen SK,2:55:34
163,122,Engelbrektsloppet 45 Tävling Herrar,5156,Joakim Forsman,Söderbärke Gymnastik o Idrottsförening,2:55:34
164,123,Engelbrektsloppet 45 Tävling Herrar,5288,Harald Ottmer,Tormestorps Idrottsförening,2:55:55
165,124,Engelbrektsloppet 45 Tävling Herrar,5238,Per Thörnqvist ,Stockholms Rullskidklubb,2:55:56
166,12,Engelbrektsloppet 45 Tävling Damer,4545,Sabine Herms,Uppsala VK,2:56:00
167,125,Engelbrektsloppet 45 Tävling Herrar,5137,Pontus Ohlzon,AXA Sports Club,2:56:34
168,126,Engelbrektsloppet 45 Tävling Herrar,5283,Esbjörn Lundevall,AXA Sports Club,2:56:34
169,31,Engelbrektsloppet 45 Motion,5753,Andreas Movin,IFK Lidingö,2:57:04
170,32,Engelbrektsloppet 45 Motion,5335,Gustav Näsman,Haninge Skid o Orienteringsklubb,2:57:04
171,33,Engelbrektsloppet 45 Motion,5738,Martin Mella,Curitiba,2:57:10
172,34,Engelbrektsloppet 45 Motion,5350,Simon Jellvert, ,2:57:12
173,127,Engelbrektsloppet 45 Tävling Herrar,5195,Bolle Hellblom,Sundbybergs Idrottsklubb,2:57:18
174,128,Engelbrektsloppet 45 Tävling Herrar,5286,Erik Elveros,Nacka Värmdö Skidklubb,2:57:31
175,129,Engelbrektsloppet 45 Tävling Herrar,5173,Tomas Falk,Föreningen Engelbrektsloppet,2:57:33
176,130,Engelbrektsloppet 45 Tävling Herrar,5183,Jan-Erik Östling,Storsjömäklarna Sportklubb,2:57:36
177,131,Engelbrektsloppet 45 Tävling Herrar,5226,Magnus  Henrysson ,Sundbybergs Idrottsklubb,2:57:54
178,132,Engelbrektsloppet 45 Tävling Herrar,5228,Linus Jöns, ,2:58:12
179,35,Engelbrektsloppet 45 Motion,5729,Per Ahlstedt,Kimstad Gymnastik o IF,2:58:23
180,133,Engelbrektsloppet 45 Tävling Herrar,5181,Andreas Lundquist,IK Rex,2:58:25
181,134,Engelbrektsloppet 45 Tävling Herrar,5209,Mikael Stenelund,Stockholms Rullskidklubb,2:58:42
182,36,Engelbrektsloppet 45 Motion,5519,Björn Sjökvist,OK Kullingshof,2:58:48
183,135,Engelbrektsloppet 45 Tävling Herrar,5293,Jan Ingrids,Källbottens Idrottsklubb,2:59:13
184,136,Engelbrektsloppet 45 Tävling Herrar,5302,Richard  Johanson ,Norbergs Skidklubb,2:59:35
185,137,Engelbrektsloppet 45 Tävling Herrar,20055,Gunnar Klingberg,Karbennings Gymnastik & IF,2:59:38
186,37,Engelbrektsloppet 45 Motion,5697,Juha Ojala,AXA Sports Club,2:59:43
187,38,Engelbrektsloppet 45 Motion,4497,Alexander Arnheim, ,2:59:47
188,138,Engelbrektsloppet 45 Tävling Herrar,5287,Fredrik Nygren,Fjärdhundra Sportklubb,2:59:49
189,139,Engelbrektsloppet 45 Tävling Herrar,5191,Mikael Holmstedter ,AXA Sports Club,2:59:52
190,13,Engelbrektsloppet 45 Tävling Damer,4544,Kristina Elf,Norrbärke Skidklubb,2:59:55
191,140,Engelbrektsloppet 45 Tävling Herrar,5245,Anders Burestig,Söders-Tyresö,3:00:00
192,39,Engelbrektsloppet 45 Motion,5383,Ronny Sandell,Västerås Skidklubb,3:00:01
193,40,Engelbrektsloppet 45 Motion,5638,Robert Vitez, ,3:00:05
194,141,Engelbrektsloppet 45 Tävling Herrar,5266,Niklas Söderman,Morgongåva Sportklubb,3:00:12
195,14,Engelbrektsloppet 45 Tävling Damer,4552,Helena Halvarsson,IFK Mora Skidklubb,3:00:13
196,142,Engelbrektsloppet 45 Tävling Herrar,5155,Mikael Nilsson, ,3:00:15
197,41,Engelbrektsloppet 45 Motion,5609,Magnus Pettersson,IFK Sala,3:00:46
198,143,Engelbrektsloppet 45 Tävling Herrar,5194,Fredrik Hammarqvist,IKJ Haninge,3:01:00
199,144,Engelbrektsloppet 45 Tävling Herrar,5277,Erik Almséus,Vasaloppsklubben i Hedemora,3:01:17
200,42,Engelbrektsloppet 45 Motion,5340,Simon Douglas ,XCSTHLM ,3:01:22
201,43,Engelbrektsloppet 45 Motion,5752,Axel Camitz,Eds Skidklubb,3:01:29
202,44,Engelbrektsloppet 45 Motion,4435,Erik Lyrvall,Korsnäs IF Skidklubb,3:01:33
203,45,Engelbrektsloppet 45 Motion,5545,PER BROHOLM,IF Hagen Skidklubb,3:01:49
204,46,Engelbrektsloppet 45 Motion,5510,Peter Isling,IKJ Haninge,3:01:53
205,47,Engelbrektsloppet 45 Motion,5661,Simon Hammarström,AXA Sports Club,3:02:26
206,48,Engelbrektsloppet 45 Motion,5529,Helena  Hallgren , ,3:02:36
207,49,Engelbrektsloppet 45 Motion,5797,Jörgen Pallhed,Garphyttans Idrottsförening,3:02:39
208,50,Engelbrektsloppet 45 Motion,5675,Linus Ravald,Uppsala Vasaloppsklubb,3:03:02
209,51,Engelbrektsloppet 45 Motion,5393,Cecilia Skånstad,Sundbybergs Idrottsklubb,3:03:05
210,52,Engelbrektsloppet 45 Motion,5754,Niklas Denkert,Näsvikens Idrottsklubb,3:03:09
211,53,Engelbrektsloppet 45 Motion,5388,Adam Emanuelsson, ,3:03:41
212,54,Engelbrektsloppet 45 Motion,5787,Sixten Björklund,KKSS,3:03:54
213,145,Engelbrektsloppet 45 Tävling Herrar,5201,Björn Bergh,Vassunda Idrottsförening,3:04:42
214,55,Engelbrektsloppet 45 Motion,5668,Gustav Westerlund,Ericsson Stockholm Idrottsklubb,3:04:47
215,56,Engelbrektsloppet 45 Motion,5568,Magdalena Fredriksson Bohm,Enhörna Idrottsförening,3:04:56
216,57,Engelbrektsloppet 45 Motion,5583,Jacob Fredholm,Mälarö SOK,3:05:03
217,146,Engelbrektsloppet 45 Tävling Herrar,5268,John Fellenius,Stockholm Långdistansklubb,3:05:09
218,147,Engelbrektsloppet 45 Tävling Herrar,5229,Jesper Lunding Johansson,Djurgårdens IF Alpinförening,3:05:24
219,58,Engelbrektsloppet 45 Motion,5570,Michael Hedlund, ,3:05:46
220,148,Engelbrektsloppet 45 Tävling Herrar,5273,Tomas Brandvold,AXA Sports Club,3:05:51
221,59,Engelbrektsloppet 45 Motion,5671,fredrik Ehrnst,Friluftsfrämjandet Lidingö,3:06:14
222,60,Engelbrektsloppet 45 Motion,5641,Philip Daveby,IKJ Haninge,3:06:39
223,61,Engelbrektsloppet 45 Motion,5642,Andreas Pettersson,IKJ Haninge,3:06:46
224,62,Engelbrektsloppet 45 Motion,5606,Karl Eriksson,Berber IS,3:06:48
225,63,Engelbrektsloppet 45 Motion,5526,ravineet singh,Stockholms Rullskidklubb,3:06:50
226,64,Engelbrektsloppet 45 Motion,5761,Mathias Gisslén, ,3:06:55
227,65,Engelbrektsloppet 45 Motion,5726,Christer Åkerblom,Saab Aktiv,3:07:04
228,149,Engelbrektsloppet 45 Tävling Herrar,20052,Anders Karlén,Föreningen Engelbrektsloppet,3:08:15
229,150,Engelbrektsloppet 45 Tävling Herrar,5303,Mårten Källström,IFK Sala,3:08:18
230,151,Engelbrektsloppet 45 Tävling Herrar,5222,Tobias Pipars,Siljansnäs Skid & Löparklubb,3:08:38
231,66,Engelbrektsloppet 45 Motion,5329,Stefan Andersson-Berglund,Tunafors Sportklubb,3:08:42
232,67,Engelbrektsloppet 45 Motion,4456,Claes Hielte,Saltsjöbadens Idrottsförening,3:08:56
233,152,Engelbrektsloppet 45 Tävling Herrar,5244,Niklas  Henriksson ,Heby Allmänna Idrottsförening,3:09:00
234,15,Engelbrektsloppet 45 Tävling Damer,5527,Johanna Tuuf,Stockholms Rullskidklubb,3:09:33
235,68,Engelbrektsloppet 45 Motion,5685,Janne  Johansson,Storviks Idrottsförening,3:09:34
236,16,Engelbrektsloppet 45 Tävling Damer,4521,Elin Ellström,AXA Sports Club,3:09:42
237,69,Engelbrektsloppet 45 Motion,5573,Christian Johansson,Karlslunds IF,3:09:53
238,70,Engelbrektsloppet 45 Motion,5513,Peter Wahlström,Hunneberg Sport och Motionsklubb,3:10:09
239,71,Engelbrektsloppet 45 Motion,5666,Jan Lindström,Källbottens Idrottsklubb,3:10:14
240,72,Engelbrektsloppet 45 Motion,5604,Josef Hultvall,Bålsta Skidklubb,3:10:40
241,73,Engelbrektsloppet 45 Motion,5379,Alexander  Skogsmark ,AXA Sports Club,3:11:08
242,74,Engelbrektsloppet 45 Motion,5622,Torbjörn  Jonsson ,Valbo Allmänna Idrottsförening,3:11:16
243,75,Engelbrektsloppet 45 Motion,4475,Carl Sundberg, ,3:11:26
244,76,Engelbrektsloppet 45 Motion,5646,Karolina Carlefalk,Huddinge SK Längdåkarförening,3:11:29
245,77,Engelbrektsloppet 45 Motion,5547,Ola Littorin, ,3:11:50
246,17,Engelbrektsloppet 45 Tävling Damer,4534,Emilie Tilstam ,Bromma-Vällingby SOK,3:12:16
247,78,Engelbrektsloppet 45 Motion,4490,Henrik Nyhus,Norge,3:12:20
248,79,Engelbrektsloppet 45 Motion,5715,Anders Törnell,Tunafors Sportklubb,3:13:02
249,80,Engelbrektsloppet 45 Motion,4487,Kennet Fredriksson,"Uppsala , Uppsala VK",3:13:05
250,81,Engelbrektsloppet 45 Motion,5783,Andreas  Öhrman ,Garphyttans Idrottsförening,3:13:17
251,82,Engelbrektsloppet 45 Motion,5599,Johan Hansson,Evertsbergs Sportklubb,3:13:18
252,83,Engelbrektsloppet 45 Motion,4464,Amanda Thorin,AXA Sports Club,3:13:20
253,153,Engelbrektsloppet 45 Tävling Herrar,5175,Jerry Bolin,Morgongåva Sportklubb,3:13:56
254,154,Engelbrektsloppet 45 Tävling Herrar,5208,Jimmy  Svensson,Telia Idrott o FF,3:14:00
255,84,Engelbrektsloppet 45 Motion,5627,Emil Björklund,"AXA Sports Club, AXA Sports Club",3:14:12
256,155,Engelbrektsloppet 45 Tävling Herrar,5264,Ulf  Eriksson ,IFK Mora Alpina Klubb,3:14:13
257,18,Engelbrektsloppet 45 Tävling Damer,4536,Johanna  Bertell,Kimstad Gymnastik o IF,3:14:13
258,156,Engelbrektsloppet 45 Tävling Herrar,5207,Thijs Mertens,Föreningen Engelbrektsloppet,3:14:16
259,157,Engelbrektsloppet 45 Tävling Herrar,5276,Viktor Bergvall,IKJ Haninge,3:14:35
260,158,Engelbrektsloppet 45 Tävling Herrar,5279,Isac  Jacobsson,IKJ Haninge,3:14:35
261,85,Engelbrektsloppet 45 Motion,5721,Anders Sunesson, ,3:14:41
262,19,Engelbrektsloppet 45 Tävling Damer,4508,Hanna Sahlin,Söderhamns Skidkamrater,3:14:49
263,20,Engelbrektsloppet 45 Tävling Damer,4530,Yrsa Wiklund,Falköpings AIK Skidklubb,3:14:53
264,159,Engelbrektsloppet 45 Tävling Herrar,5298,Jonny Eriksson,Järfälla Skidklubb,3:14:56
265,86,Engelbrektsloppet 45 Motion,5569,Olov Gohde,Dalaportens Orienteringslöpare,3:15:16
266,87,Engelbrektsloppet 45 Motion,5755,Lukas Thell, ,3:15:24
267,88,Engelbrektsloppet 45 Motion,5331,Robert Celsing,S-E Bankens Idrottsförening,3:15:44
268,160,Engelbrektsloppet 45 Tävling Herrar,5272,Max Jonasson Blank,Stockholm Långdistansklubb,3:16:04
269,161,Engelbrektsloppet 45 Tävling Herrar,5252,Henning Ottmer,Torestorps Idrottsförening,3:16:05
270,162,Engelbrektsloppet 45 Tävling Herrar,5258,Martin Linander,AXA Sports Club,3:16:18
271,89,Engelbrektsloppet 45 Motion,5620,Lotta Haraldsson,Motala AIF Skidklubb,3:16:34
272,90,Engelbrektsloppet 45 Motion,5602,Vilda Forsén,Team Smiling,3:16:41
273,163,Engelbrektsloppet 45 Tävling Herrar,5210,Daniel Hätty,AXA Sports Club,3:16:52
274,91,Engelbrektsloppet 45 Motion,5665,Martin Sjöberg,AXA Sports Club,3:16:55
275,92,Engelbrektsloppet 45 Motion,5558,Anton Jacobson,AXA Sports Club,3:17:16
276,93,Engelbrektsloppet 45 Motion,5769,Erika Brömses,Källbottens Idrottsklubb,3:17:20
277,94,Engelbrektsloppet 45 Motion,5662,Jöran Rydberg, ,3:17:57
278,95,Engelbrektsloppet 45 Motion,5387,Jimmie Eriksson,Västerås Skid O OK,3:18:00
279,21,Engelbrektsloppet 45 Tävling Damer,4541,Amanda Held,Skellefteå Skidklubb,3:18:51
280,22,Engelbrektsloppet 45 Tävling Damer,4529,Marika Thörewik,IF Hallby SOK,3:19:09
281,96,Engelbrektsloppet 45 Motion,4491,Anders Brandt,Åf Skidklubb,3:19:14
282,97,Engelbrektsloppet 45 Motion,5592,Petter Pehrson,AXA Sports Club,3:19:40
283,98,Engelbrektsloppet 45 Motion,5546,Astrid Littorin,AXA Sports Club,3:19:47
284,99,Engelbrektsloppet 45 Motion,5333,Johan Berggren, ,3:19:57
285,164,Engelbrektsloppet 45 Tävling Herrar,5240,Marcus Andersson,Västerås Skidklubb,3:19:59
286,165,Engelbrektsloppet 45 Tävling Herrar,5223,Erik  Gohde ,Dalaportens Orienteringslöpare,3:20:13
287,100,Engelbrektsloppet 45 Motion,4452,Anton Persson,Nacka Värmdö Skidklubb,3:20:23
288,101,Engelbrektsloppet 45 Motion,5771,Lovisa Amelin,AXA Sports Club,3:20:36
289,23,Engelbrektsloppet 45 Tävling Damer,4532,Joanna Tan,AXA Sports Club,3:20:40
290,102,Engelbrektsloppet 45 Motion,5590,Rasmus Isetoft,Tunafors Sportklubb,3:20:42
291,103,Engelbrektsloppet 45 Motion,5784,Robert Åkerström,Umara Sports Club,3:20:43
292,104,Engelbrektsloppet 45 Motion,5794,Peter Jakobsson, ,3:21:01
293,105,Engelbrektsloppet 45 Motion,5515,Marcus Wahlström,IFK Skövde Skidklubb,3:21:33
294,106,Engelbrektsloppet 45 Motion,5369,Jonas Kårelid,Korsnäs IF Skidklubb,3:21:50
295,107,Engelbrektsloppet 45 Motion,5645,Elin Hervan,Huddinge SK Längdåkarförening,3:21:53
296,166,Engelbrektsloppet 45 Tävling Herrar,20076,Jan-Olav Boeriis,Fagersta Södra Idrottsklubb,3:22:17
297,108,Engelbrektsloppet 45 Motion,4478,Håkan Terelius,Stockholm City Triathlon,3:22:36
298,109,Engelbrektsloppet 45 Motion,5585,Johan Lindelof,Bjurholms Idrottsförening,3:22:43
299,110,Engelbrektsloppet 45 Motion,5584,Mikael Forsberg,Bjurholms Idrottsförening,3:22:45
300,167,Engelbrektsloppet 45 Tävling Herrar,5285,Johan  Knall ,Tunafors Sportklubb,3:23:32
301,111,Engelbrektsloppet 45 Motion,5589,Patrik Råneby,AXA Sports Club,3:23:34
302,112,Engelbrektsloppet 45 Motion,5330,Oscar Persson,AXA Sports Club,3:23:47
303,168,Engelbrektsloppet 45 Tävling Herrar,5300,Thomas Gottlind,Södertälje-Nykvarn Orienteringsförening,3:24:09
304,113,Engelbrektsloppet 45 Motion,5617,Ulrika  Jonsson ,Valbo Allmänna Idrottsförening,3:24:15
305,114,Engelbrektsloppet 45 Motion,5561,Lennart Söderström,AXA Sports Club,3:25:12
306,115,Engelbrektsloppet 45 Motion,5692,Ylva  Stach, ,3:25:12
307,169,Engelbrektsloppet 45 Tävling Herrar,5296,Patrik Wirsenius,Strängnäs Skidklubb,3:25:17
308,116,Engelbrektsloppet 45 Motion,5774,David Wester, ,3:25:24
309,117,Engelbrektsloppet 45 Motion,5334,Signe Magnussen,AXA Sports Club,3:25:34
310,118,Engelbrektsloppet 45 Motion,5653,Eli Westerlund, ,3:25:43
311,119,Engelbrektsloppet 45 Motion,5610,Samuel  Artmark ,Berber IS,3:25:53
312,170,Engelbrektsloppet 45 Tävling Herrar,5243,Patrik Deivall,Domnarvets Gymnastik o Idrottsförening,3:25:55
313,171,Engelbrektsloppet 45 Tävling Herrar,5280,Hannes Wikström,Jokkmokks Skidklubb,3:25:56
314,120,Engelbrektsloppet 45 Motion,4461,Peter Zeil,AXA Sports Club,3:26:06
315,172,Engelbrektsloppet 45 Tävling Herrar,5242,Hendrik Deivall,Domnarvets Gymnastik o Idrottsförening,3:26:09
316,121,Engelbrektsloppet 45 Motion,5377,Erik Vedin,Norbergs Orienteringsklubb,3:26:26
317,122,Engelbrektsloppet 45 Motion,5643,Simon Daveby,Deloitte Stockholm,3:26:35
318,123,Engelbrektsloppet 45 Motion,5574,Fredrik Donn,Söderköpings SK,3:26:42
319,124,Engelbrektsloppet 45 Motion,5338,Joel Holmsten,Enköpings Allmänna IF,3:27:01
320,125,Engelbrektsloppet 45 Motion,5773,Arvid Al-Saffar, ,3:27:07
321,126,Engelbrektsloppet 45 Motion,5765,Pär Lindqvist,IK Rex,3:27:11
322,127,Engelbrektsloppet 45 Motion,5690,Anna Åkerlund,Sundbybergs Idrottsklubb,3:27:11
323,128,Engelbrektsloppet 45 Motion,5348,Rasmus Ärnsved, ,3:27:12
324,129,Engelbrektsloppet 45 Motion,4458,Karl Sederholm,Ålberga Gymnastik o Idrottsförening,3:27:15
325,130,Engelbrektsloppet 45 Motion,5684,Thomas Wallman,Sollentuna Slalomklubb,3:27:17
326,131,Engelbrektsloppet 45 Motion,5679,Lars Johnsson,Västerås Slalomklubb,3:27:22
327,132,Engelbrektsloppet 45 Motion,5775,Christian  Andersson, ,3:27:48
328,133,Engelbrektsloppet 45 Motion,5345,Jens Olofsson, ,3:27:57
329,134,Engelbrektsloppet 45 Motion,5766,Daniel Mattias Petersson, ,3:28:08
330,135,Engelbrektsloppet 45 Motion,5565,Jacob Jaldeland,AXA Sports Club,3:28:14
331,136,Engelbrektsloppet 45 Motion,5336,Henrik Ivarsson,Malungs Idrottsförening,3:28:18
332,137,Engelbrektsloppet 45 Motion,5631,David Lidestedt,AXA Sports Club,3:28:30
333,138,Engelbrektsloppet 45 Motion,5389,Emma Folkesson, ,3:28:48
334,139,Engelbrektsloppet 45 Motion,5399,Marie Cederberg,IFK Sala,3:28:48
335,140,Engelbrektsloppet 45 Motion,5644,Kristian Mangs,Föreningen Engelbrektsloppet,3:28:58
336,141,Engelbrektsloppet 45 Motion,5660,Tor-Björn Åstrand,Huddinge SK Längdåkarförening,3:29:09
337,142,Engelbrektsloppet 45 Motion,5528,Oskar Lundqvist,AXA Sports Club,3:29:10
338,143,Engelbrektsloppet 45 Motion,5557,Tobias Mangs,AXA Sports Club,3:29:13
339,144,Engelbrektsloppet 45 Motion,4496,Isaac Bonnier, ,3:29:16
340,145,Engelbrektsloppet 45 Motion,5386,Danne Stattin,Stockholms Rullskidklubb,3:29:30
341,173,Engelbrektsloppet 45 Tävling Herrar,5231,Elvin Karlsson Andersson,Västerås Skid O OK,3:29:33
342,146,Engelbrektsloppet 45 Motion,5372,Calle  Bouvin ,IFK Sala,3:29:53
343,147,Engelbrektsloppet 45 Motion,4486,Kristoffer  Linder,Nacka Värmdö Skidklubb,3:30:00
344,148,Engelbrektsloppet 45 Motion,4434,Joakim Odlund,AXA Sports Club,3:30:03
345,149,Engelbrektsloppet 45 Motion,5327,Jan Kläre,Zinkgruvans Idrottsförening,3:31:07
346,150,Engelbrektsloppet 45 Motion,5781,Jonas Holfve Brändström,AXA Sports Club,3:31:12
347,151,Engelbrektsloppet 45 Motion,5687,Michaela Forster,Mälarö SOK,3:31:26
348,152,Engelbrektsloppet 45 Motion,5698,Niklas Stach, ,3:31:44
349,153,Engelbrektsloppet 45 Motion,4476,Matilda Vikberg,AXA Sports Club,3:31:53
350,174,Engelbrektsloppet 45 Tävling Herrar,5254,Fredrik  Bengtsson,AXA Sports Club,3:32:08
351,154,Engelbrektsloppet 45 Motion,5764,Christoffer Möller,AXA Sports Club,3:32:22
352,155,Engelbrektsloppet 45 Motion,4455,Frida Olander, ,3:32:29
353,175,Engelbrektsloppet 45 Tävling Herrar,5255,Adam Bassari,AXA Sports Club,3:32:32
354,156,Engelbrektsloppet 45 Motion,5656,Claes Hedin,AXA Sports Club,3:32:47
355,176,Engelbrektsloppet 45 Tävling Herrar,5174,Mikael  Andersson Elfgren, ,3:33:14
356,157,Engelbrektsloppet 45 Motion,5793,Anders Morsing,Himmeta Idrottsförening,3:33:25
357,158,Engelbrektsloppet 45 Motion,5746,Lars Eriksson,Saab Fritidsförening Järfälla,3:33:34
358,159,Engelbrektsloppet 45 Motion,5683,Lejla Numanovic,Gävle Skidkamrater,3:33:40
359,160,Engelbrektsloppet 45 Motion,5354,Douglas Goderik,AXA Sports Club,3:33:51
360,161,Engelbrektsloppet 45 Motion,5380,Katarina Bonetti,AXA Sports Club,3:33:57
361,162,Engelbrektsloppet 45 Motion,5616,Per Vindehav,AXA Sports Club,3:33:59
362,163,Engelbrektsloppet 45 Motion,5663,Stefan  Åhlén , ,3:34:57
363,164,Engelbrektsloppet 45 Motion,5750,Malkolm Wester,AXA Sports Club,3:34:58
364,177,Engelbrektsloppet 45 Tävling Herrar,5278,Kettil Johansson,Bjuråkers Gymnastik o Idrottsförening,3:35:15
365,178,Engelbrektsloppet 45 Tävling Herrar,5294,Kent Olofsson,Sundbybergs Idrottsklubb,3:35:30
366,179,Engelbrektsloppet 45 Tävling Herrar,5269,Carl-Johan Langenskiöld Folke,Stockholm Långdistansklubb,3:35:40
367,24,Engelbrektsloppet 45 Tävling Damer,4546,Helena Olander,Wedevågs Idrottsförening,3:35:53
368,165,Engelbrektsloppet 45 Motion,5586,Anton Valtinat,Hjärnarps Orienteringslöpare,3:35:59
369,166,Engelbrektsloppet 45 Motion,5700,Ludvig Björkstedt, ,3:36:01
370,167,Engelbrektsloppet 45 Motion,5719,Fredrik Björkstedt, ,3:36:05
371,168,Engelbrektsloppet 45 Motion,5575,Olov Söderström,AXA Sports Club,3:36:07
372,169,Engelbrektsloppet 45 Motion,5639,Johan Fremling,Stora Tuna IK Skidklubb,3:36:38
373,170,Engelbrektsloppet 45 Motion,5614,BENGT HOLMSTRÖM,AXA Sports Club,3:37:08
374,171,Engelbrektsloppet 45 Motion,5615,Peter Hedenström,AXA Sports Club,3:37:09
375,172,Engelbrektsloppet 45 Motion,4450,Arvid Bygge,Ärna Idrottsförening Uppsala Garnison,3:37:13
376,173,Engelbrektsloppet 45 Motion,5511,Per Friberg,AXA Sports Club,3:37:23
377,174,Engelbrektsloppet 45 Motion,4442,Lukas Björklund,AXA Sports Club,3:37:34
378,25,Engelbrektsloppet 45 Tävling Damer,4548,Maria Rindeskog,Falu IK Skidklubb,3:37:40
379,175,Engelbrektsloppet 45 Motion,4440,Erik Otterheim,AXA Sports Club,3:38:27
380,176,Engelbrektsloppet 45 Motion,5677,Peter Sandström, ,3:38:29
381,180,Engelbrektsloppet 45 Tävling Herrar,5261,Måns  Johansson ,Föreningen Engelbrektsloppet,3:38:30
382,181,Engelbrektsloppet 45 Tävling Herrar,5260,Patrik  Johansson ,IFK Sala,3:38:31
383,182,Engelbrektsloppet 45 Tävling Herrar,5301,Martin Öberg,AXA Sports Club,3:38:40
384,26,Engelbrektsloppet 45 Tävling Damer,4547,Anna Winblad,Skogsluffarnas OK,3:38:40
385,177,Engelbrektsloppet 45 Motion,4439,John-Erik Bentlöv,Sätra Idrottsförening,3:38:51
386,183,Engelbrektsloppet 45 Tävling Herrar,5297,jacob wirsenius,Strängnäs Skidklubb,3:39:05
387,178,Engelbrektsloppet 45 Motion,5578,Thorben Meijer, ,3:39:07
388,179,Engelbrektsloppet 45 Motion,4493,Eric Wachtmeister, ,3:39:31
389,180,Engelbrektsloppet 45 Motion,5525,Christian Vogelgsang,Trosabygdens Orienteringsklubb,3:39:38
390,181,Engelbrektsloppet 45 Motion,5577,Sjoerd Verborg, ,3:39:42
391,182,Engelbrektsloppet 45 Motion,4479,Olle  Lood , ,3:40:05
392,183,Engelbrektsloppet 45 Motion,5370,Gunilla Moberg,Norbergs Skidklubb,3:40:07
393,184,Engelbrektsloppet 45 Motion,4499,Magnus Hård af Segerestad,AXA Sports Club,3:40:44
394,185,Engelbrektsloppet 45 Motion,5760,Carl Sandqvist,Västerås Skid O OK,3:40:53
395,27,Engelbrektsloppet 45 Tävling Damer,4542,Cecilia Lundevall,Saab Fritidsförening Järfälla,3:40:53
396,186,Engelbrektsloppet 45 Motion,4463,Daniel Strobl, ,3:41:09
397,187,Engelbrektsloppet 45 Motion,4494,Jonas  Karlsson,Storvreta Idrottsklubb,3:41:14
398,188,Engelbrektsloppet 45 Motion,5381,Micael Mathsson,Norbergs Orienteringsklubb,3:41:16
399,189,Engelbrektsloppet 45 Motion,5548,Amanda Folkebrant, ,3:41:16
400,190,Engelbrektsloppet 45 Motion,5378,Anna  Mathsson, ,3:41:16
401,191,Engelbrektsloppet 45 Motion,5613,Christian  Sköld,Umara Sports Club,3:41:29
402,192,Engelbrektsloppet 45 Motion,5686,Charlotta Enghag, ,3:41:41
403,184,Engelbrektsloppet 45 Tävling Herrar,5282,Wilhelm Åkesson,Deloitte Stockholm,3:41:53
404,193,Engelbrektsloppet 45 Motion,5630,Henrik Nygren, ,3:42:02
405,194,Engelbrektsloppet 45 Motion,5731,Axel Kullmann,Athletic Club Salt Lake,3:42:07
406,195,Engelbrektsloppet 45 Motion,5714,Linus ståhl,AXA Sports Club,3:42:13
407,196,Engelbrektsloppet 45 Motion,5625,Jenny Berglin , ,3:42:15
408,197,Engelbrektsloppet 45 Motion,5649,Vera Werner, ,3:42:29
409,185,Engelbrektsloppet 45 Tävling Herrar,5257,Christer Gustafsson,Västerfärnebo Allmänna IK,3:42:31
410,198,Engelbrektsloppet 45 Motion,5346,Mikaela Höglund, ,3:42:35
411,199,Engelbrektsloppet 45 Motion,5504,Sylvester Czarnecki, ,3:42:38
412,200,Engelbrektsloppet 45 Motion,5508,Ulrika Sjöwall, ,3:43:12
413,201,Engelbrektsloppet 45 Motion,5612,Linus Hellberg, ,3:43:26
414,202,Engelbrektsloppet 45 Motion,5324,Oscar Bengtsson,AXA Sports Club,3:43:28
415,203,Engelbrektsloppet 45 Motion,5394,Caroline Berndtson,Vattenfalls IF Stockholm,3:43:52
416,204,Engelbrektsloppet 45 Motion,5365,Anders Wickman,Fagersta Södra Idrottsklubb,3:43:59
417,205,Engelbrektsloppet 45 Motion,5728,Robert Karlsson,Västerås Skidklubb,3:44:09
418,206,Engelbrektsloppet 45 Motion,5518,Anna Lundén,Nacka Värmdö Skidklubb,3:44:20
419,207,Engelbrektsloppet 45 Motion,5517,Patrik Lundén,Nacka Värmdö Skidklubb,3:44:21
420,186,Engelbrektsloppet 45 Tävling Herrar,5248,Daniel Wennerström,Huddinge SK Längdåkarförening,3:44:24
421,208,Engelbrektsloppet 45 Motion,5757,Sven Wigertz,AXA Sports Club,3:44:33
422,209,Engelbrektsloppet 45 Motion,5628,Robert Andersson, ,3:44:43
423,210,Engelbrektsloppet 45 Motion,5351,Johan Ulfves,Hallstahammars SK Skid O FK,3:45:05
424,187,Engelbrektsloppet 45 Tävling Herrar,10017,Ernst Aberger,Sya SK,3:45:10
425,211,Engelbrektsloppet 45 Motion,5533,Jürgen Heilbock, ,3:45:25
426,212,Engelbrektsloppet 45 Motion,5249,Daniel Eklund,AXA Sports Club,3:45:31
427,213,Engelbrektsloppet 45 Motion,4492,Peter Hedström,AXA Sports Club,3:45:38
428,214,Engelbrektsloppet 45 Motion,5374,Margaretha Wibeck,Sundbybergs Idrottsklubb,3:45:49
429,215,Engelbrektsloppet 45 Motion,5535,Timothy Hoffmann, ,3:46:09
430,216,Engelbrektsloppet 45 Motion,4488,Mikael Frick,Team Quarl Vets ,3:46:16
431,217,Engelbrektsloppet 45 Motion,5556,Emma Axelsson,AXA Sports Club,3:46:18
432,218,Engelbrektsloppet 45 Motion,5566,Thomas Dahl,AXA Sports Club,3:46:25
433,219,Engelbrektsloppet 45 Motion,5718,Lovisa Forss,Ställbergs Idrottsklubb,3:46:48
434,220,Engelbrektsloppet 45 Motion,5713,Lotta Lindgren,Ställbergs Idrottsklubb,3:46:51
435,221,Engelbrektsloppet 45 Motion,5758,Lovisa Wigertz,AXA Sports Club,3:47:00
436,222,Engelbrektsloppet 45 Motion,5712,Tobias Pettersson,Ställbergs Idrottsklubb,3:47:05
437,223,Engelbrektsloppet 45 Motion,5332,Martin Fornander,AXA Sports Club,3:47:10
438,188,Engelbrektsloppet 45 Tävling Herrar,5275,Joel Karlsson,IKJ Haninge,3:47:26
439,224,Engelbrektsloppet 45 Motion,5706,Jonas Hagvåg,Västerås Skidklubb,3:47:28
440,225,Engelbrektsloppet 45 Motion,5705,Krister Fredriksson,Hammarby IF Skidförening,3:47:30
441,226,Engelbrektsloppet 45 Motion,5576,Morgan Pihl,AXA Sports Club,3:47:34
442,227,Engelbrektsloppet 45 Motion,5520,Bo Sjökvist,Idrottsklubben Stern,3:47:42
443,189,Engelbrektsloppet 45 Tävling Herrar,5292,Emil  Åkesson Möller,Friluftsfrämjandet Lidingö,3:48:27
444,228,Engelbrektsloppet 45 Motion,4454,Tora Philp,Stockholm City Triathlon,3:48:39
445,229,Engelbrektsloppet 45 Motion,5709,Markus Byström,AXA Sports Club,3:48:49
446,230,Engelbrektsloppet 45 Motion,5530,Anna Palm, ,3:48:52
447,231,Engelbrektsloppet 45 Motion,5652,Julia  Kim-Klingberg ,Frövi Idrottsklubb,3:49:08
448,232,Engelbrektsloppet 45 Motion,5619,Catrin Carlsson,Fjärdhundra Sportklubb,3:49:11
449,233,Engelbrektsloppet 45 Motion,5717,Eleonor Ahlstedt,Kimstad Gymnastik o IF,3:49:18
450,190,Engelbrektsloppet 45 Tävling Herrar,5284,Isac Björkman,IKJ Haninge,3:49:55
451,234,Engelbrektsloppet 45 Motion,5756,Karin Sandqvist,Västerås Skid O OK,3:49:58
452,235,Engelbrektsloppet 45 Motion,5693,Charlotta Åman, ,3:50:02
453,28,Engelbrektsloppet 45 Tävling Damer,4524,Veronica  Ekström,Team Pumpen SK,3:50:04
454,236,Engelbrektsloppet 45 Motion,5658,Gustav Tiedtke,AXA Sports Club,3:50:05
455,237,Engelbrektsloppet 45 Motion,5509,Anders Wassberg,IFK Lindesberg,3:50:18
456,238,Engelbrektsloppet 45 Motion,5623,Daniel Jäderblom,Fjärdhundra Sportklubb,3:50:37
457,239,Engelbrektsloppet 45 Motion,5621,Matilda Jäderblom,Fjärdhundra Sportklubb,3:50:38
458,29,Engelbrektsloppet 45 Tävling Damer,4528,Lena Holm,Haninge Skid o Orienteringsklubb,3:50:44
459,240,Engelbrektsloppet 45 Motion,5512,Andreas Kron,Hunneberg Sport och Motionsklubb,3:50:53
460,241,Engelbrektsloppet 45 Motion,5562,Signe Scharffetter,Team Powerwoman Athletic Club,3:51:02
461,242,Engelbrektsloppet 45 Motion,4441,Marcus Sundström, ,3:51:07
462,243,Engelbrektsloppet 45 Motion,5722,Annelie Lennberg, ,3:51:24
463,244,Engelbrektsloppet 45 Motion,4473,Maja Sehlberg,AXA Sports Club,3:51:28
464,245,Engelbrektsloppet 45 Motion,5768,Carina Åkerström,Domnarvets Gymnastik o Idrottsförening,3:51:31
465,246,Engelbrektsloppet 45 Motion,5349,Simon Runsten, ,3:51:34
466,247,Engelbrektsloppet 45 Motion,5647,Daniel  Persson,Laxå Orienteringsklubb,3:51:57
467,248,Engelbrektsloppet 45 Motion,5514,Per-Ola Rasmussen, ,3:52:48
468,249,Engelbrektsloppet 45 Motion,5353,Håkan  Lundberg, ,3:53:09
469,250,Engelbrektsloppet 45 Motion,5571,Helena Martinsson Appelgren,AXA Sports Club,3:53:10
470,251,Engelbrektsloppet 45 Motion,5524,Ida Leden,AXA Sports Club,3:53:21
471,252,Engelbrektsloppet 45 Motion,5716,Marius Frydenlund, ,3:53:55
472,253,Engelbrektsloppet 45 Motion,5694,Simon Seidal, ,3:54:11
473,254,Engelbrektsloppet 45 Motion,5633,Niklas Löfgren,AXA Sports Club,3:54:12
474,255,Engelbrektsloppet 45 Motion,4462,Jerker Hellström Thorsell,XC Sthlm Ski Club,3:54:16
475,30,Engelbrektsloppet 45 Tävling Damer,4525,Birgitta Ekström,Haninge Skid o Orienteringsklubb,3:54:19
476,256,Engelbrektsloppet 45 Motion,5371,Roine Schölin,Vindrarps Skidklubb,3:54:25
477,257,Engelbrektsloppet 45 Motion,5582,Ronja Olsson, ,3:54:25
478,258,Engelbrektsloppet 45 Motion,5385,Cecilia  Håkansson ,Vindrarps Skidklubb,3:54:26
479,259,Engelbrektsloppet 45 Motion,4489,Bo Hesselgren,Föreningen Engelbrektsloppet,3:55:00
480,260,Engelbrektsloppet 45 Motion,5795,Daniel  Ekström ,Heds Idrottsförening,3:55:39
481,261,Engelbrektsloppet 45 Motion,4474,Jens Brokopp,AXA Sports Club,3:55:55
482,262,Engelbrektsloppet 45 Motion,5594,Jan  Höglund, ,3:56:23
483,263,Engelbrektsloppet 45 Motion,5626,Magnus Johansson,Berber IS,3:56:36
484,264,Engelbrektsloppet 45 Motion,4495,Daniel  Mannerström ,Tenhults Skid o Orienteringsklubb,3:56:51
485,265,Engelbrektsloppet 45 Motion,5789,Eva-Marie Henrysson,Bålsta Skidklubb,3:56:53
486,266,Engelbrektsloppet 45 Motion,5563,Jenny Eriksson,Sätra Idrottsförening,3:56:55
487,267,Engelbrektsloppet 45 Motion,5564,Camilla Eriksson,AXA Sports Club,3:56:58
488,268,Engelbrektsloppet 45 Motion,5659,Johan Morén, ,3:57:00
489,269,Engelbrektsloppet 45 Motion,5747,Mikael Lundberg, ,3:57:12
490,31,Engelbrektsloppet 45 Tävling Damer,20211,Carina Hammarstrand,FK Snapphanarna,3:57:26
491,270,Engelbrektsloppet 45 Motion,4444,Michael Danilov,Saltsjöbadens Idrottsförening,3:57:28
492,271,Engelbrektsloppet 45 Motion,5673,Jens  Hagström ,Föreningen Engelbrektsloppet,3:57:35
493,272,Engelbrektsloppet 45 Motion,5672,Peter Margelius , ,3:57:36
494,273,Engelbrektsloppet 45 Motion,4472,Mikael Sundström,Årsta,3:57:39
495,274,Engelbrektsloppet 45 Motion,5598,Linnéa Tielinen,Evertsbergs Sportklubb,3:57:46
496,275,Engelbrektsloppet 45 Motion,4449,Elsa  Liljeholm,K3 IF ,3:57:54
497,276,Engelbrektsloppet 45 Motion,5344,Linda Hyttsten,Sundborns Gymnastik O IF,3:57:57
498,277,Engelbrektsloppet 45 Motion,5555,Emma Nilsson Tengstrand,Lidingö Triathlon,3:59:10
499,278,Engelbrektsloppet 45 Motion,5554,Sara Nilsson Tengstrand, ,3:59:12
500,279,Engelbrektsloppet 45 Motion,5648,Anders Eriksson,Mullhyttans Idrottsförening,3:59:24
501,280,Engelbrektsloppet 45 Motion,5711,Kjell Lindblom, ,3:59:40
502,281,Engelbrektsloppet 45 Motion,4485,Bo Linder,Nacka Värmdö Skidklubb,3:59:42
503,282,Engelbrektsloppet 45 Motion,5640,Anders Dättermark ,Granbergsdals Idrottsförening,4:00:10
504,283,Engelbrektsloppet 45 Motion,4520,Johanna Vilhelmsson, ,4:00:23
505,284,Engelbrektsloppet 45 Motion,5597,Stefan Forsberg,Fagerstamotorforum,4:01:32
506,285,Engelbrektsloppet 45 Motion,5343,Fredrik  Karlsson,AXA Sports Club,4:01:46
507,286,Engelbrektsloppet 45 Motion,5366,Gustav Bergstrand, ,4:01:49
508,287,Engelbrektsloppet 45 Motion,5560,Margot Gyllerup,AXA Sports Club,4:02:40
509,288,Engelbrektsloppet 45 Motion,5702,Magnus Olofsson,XC Sthlm Ski Club,4:02:56
510,289,Engelbrektsloppet 45 Motion,5778,Erik Rosén,AXA Sports Club,4:03:01
511,290,Engelbrektsloppet 45 Motion,4457,Johannes Vartia,AXA Sports Club,4:03:03
512,291,Engelbrektsloppet 45 Motion,5772,Cecilia Berglund,AXA Sports Club,4:03:12
513,292,Engelbrektsloppet 45 Motion,5516,Victoria Donderer, ,4:03:23
514,293,Engelbrektsloppet 45 Motion,5680,Henrik Kindstrand,Åf Skidklubb,4:03:29
515,294,Engelbrektsloppet 45 Motion,4443,Anna Wengle, ,4:03:37
516,295,Engelbrektsloppet 45 Motion,4484,Milko  Soto ,AXA Sports Club,4:04:01
517,296,Engelbrektsloppet 45 Motion,5505,Anton Berg,Huddinge SK Längdåkarförening,4:04:16
518,297,Engelbrektsloppet 45 Motion,5629,Jimmy  Petterson ,AXA Sports Club,4:04:59
519,298,Engelbrektsloppet 45 Motion,5550,Mikael Arnvik, ,4:05:09
520,299,Engelbrektsloppet 45 Motion,5572,Emelie  Gustavsson ,Berber IS,4:05:20
521,300,Engelbrektsloppet 45 Motion,5744,Arvid Nyman, ,4:05:38
522,301,Engelbrektsloppet 45 Motion,4445,Jonas Stenkula, ,4:05:39
523,302,Engelbrektsloppet 45 Motion,5674,Lisa Rygran,Mälarö SOK,4:07:45
524,303,Engelbrektsloppet 45 Motion,5796,Otto Lagström,Storvreta Idrottsklubb,4:08:14
525,304,Engelbrektsloppet 45 Motion,5322,Emma Nordström,AXA Sports Club,4:08:21
526,305,Engelbrektsloppet 45 Motion,5720,Thomas Önder,AXA Sports Club,4:08:21
527,306,Engelbrektsloppet 45 Motion,5352,Anna Lundberg, ,4:08:23
528,307,Engelbrektsloppet 45 Motion,5540,Annie Gustavsson ,I K Flundran,4:08:42
529,308,Engelbrektsloppet 45 Motion,5587,Ola Norrman,Nacka Värmdö Skidklubb,4:09:00
530,309,Engelbrektsloppet 45 Motion,5691,Reijo Järvi,AXA Sports Club,4:10:45
531,310,Engelbrektsloppet 45 Motion,5595,Andreas Böhlert Kruse,Kroppa Idrottsförening,4:10:54
532,311,Engelbrektsloppet 45 Motion,5792,John Flensburg,Storvreta Idrottsklubb,4:10:58
533,312,Engelbrektsloppet 45 Motion,5624,Jan Hållnissa,Sollerö IF,4:11:00
534,313,Engelbrektsloppet 45 Motion,5325,Andreas Bengtsson,AXA Sports Club,4:11:12
535,314,Engelbrektsloppet 45 Motion,5323,Magnus Bengtsson,AXA Sports Club,4:11:16
536,191,Engelbrektsloppet 45 Tävling Herrar,5295,Lars Ericsson,AXA Sports Club,4:11:28
537,192,Engelbrektsloppet 45 Tävling Herrar,5289,Kevin Malmgren,AXA Sports Club,4:11:53
538,315,Engelbrektsloppet 45 Motion,10012,Anders Björklin, ,4:12:45
539,316,Engelbrektsloppet 45 Motion,5596,Christer Sundström, ,4:12:48
540,32,Engelbrektsloppet 45 Tävling Damer,4535,Karin Bäckstrand ,IFK Lidingös Skid o Orienteringsklubb,4:12:50
541,193,Engelbrektsloppet 45 Tävling Herrar,5239,Johan Eriksson,Karlslunds IF,4:13:15
542,317,Engelbrektsloppet 45 Motion,4438,Carl Davidsson,Deloitte Stockholm,4:13:37
543,33,Engelbrektsloppet 45 Tävling Damer,4531,Monika Eriksson,Karlslunds IF,4:14:03
544,318,Engelbrektsloppet 45 Motion,5391,Erik Strandman ,Sätra Idrottsförening,4:14:10
545,319,Engelbrektsloppet 45 Motion,5522,Viktor Nyberg, ,4:15:30
546,320,Engelbrektsloppet 45 Motion,5678,Pablo Matute Sanchez,Föreningen Engelbrektsloppet,4:16:19
547,321,Engelbrektsloppet 45 Motion,5742,Adam Högberg,Curitiba,4:16:31
548,34,Engelbrektsloppet 45 Tävling Damer,4526,Annika Ekström,Team Pumpen SK,4:17:16
549,322,Engelbrektsloppet 45 Motion,5373,Frida Emgardsson,IFK Sala,4:17:32
550,323,Engelbrektsloppet 45 Motion,5537,Linda Näkne,AXA Sports Club,4:17:33
551,324,Engelbrektsloppet 45 Motion,5637,Marina Vitez, ,4:17:42
552,325,Engelbrektsloppet 45 Motion,5701,Erika Sensson, ,4:18:46
553,35,Engelbrektsloppet 45 Tävling Damer,4523,Eva-Lotta  Svensson,Västerås Skidklubb,4:19:13
554,326,Engelbrektsloppet 45 Motion,5398,Miranda Seery Wredle, ,4:19:35
555,327,Engelbrektsloppet 45 Motion,5588,Elin Westin Råneby,Tunafors Sportklubb,4:20:54
556,328,Engelbrektsloppet 45 Motion,4467,Andrew Gratton,AXA Sports Club,4:21:03
557,329,Engelbrektsloppet 45 Motion,5704,Mikael Ohlson,Kulla racing,4:22:58
558,330,Engelbrektsloppet 45 Motion,5770,Mikka Söder, ,4:23:59
559,331,Engelbrektsloppet 45 Motion,4480,Martin Söder, ,4:24:00
560,332,Engelbrektsloppet 45 Motion,4451,Ella von Melen, ,4:25:17
561,333,Engelbrektsloppet 45 Motion,4498,Hedda Brorsson, ,4:25:17
562,194,Engelbrektsloppet 45 Tävling Herrar,5281,Oskar Markusson,Jokkmokks Skidklubb,4:25:21
563,334,Engelbrektsloppet 45 Motion,4436,Marina Christmansson,Stockholms Rullskidklubb,4:27:26
564,335,Engelbrektsloppet 45 Motion,5763,Thomas Laine,AXA Sports Club,4:27:49
565,336,Engelbrektsloppet 45 Motion,5131,Alexander Åkerfeldt,Uppsala VK,4:28:07
566,337,Engelbrektsloppet 45 Motion,5785,VIKTORIA THORZELIUS,Uppsala VK,4:28:15
567,338,Engelbrektsloppet 45 Motion,4533,Frida Berg,AXA Sports Club,4:28:32
568,339,Engelbrektsloppet 45 Motion,4483,Patrik Bylund,AXA Sports Club,4:28:44
569,340,Engelbrektsloppet 45 Motion,5359,Emma Thornberg, ,4:29:05
570,341,Engelbrektsloppet 45 Motion,5357,Maria Sagström,Västerås Skidklubb,4:29:07
571,342,Engelbrektsloppet 45 Motion,5634,Jessica Nilsson,Garphyttans Idrottsförening,4:29:23
572,195,Engelbrektsloppet 45 Tävling Herrar,5290,Andreas Danielsson,AXA Sports Club,4:30:05
573,343,Engelbrektsloppet 45 Motion,5777,Ludvig Hansson Granström,Friluftsfrämjandet Lidingö,4:30:49
574,344,Engelbrektsloppet 45 Motion,4481,Christoph Göke, ,4:31:03
575,345,Engelbrektsloppet 45 Motion,4482,Lea Göke, ,4:31:07
576,346,Engelbrektsloppet 45 Motion,5739,lotta ohlson,Godegårds SK,4:31:11
577,347,Engelbrektsloppet 45 Motion,5779,Elin Thunborg,Täby IS Skidklubb,4:32:19
578,348,Engelbrektsloppet 45 Motion,5748,Emil Gustafsson, ,4:32:34
579,349,Engelbrektsloppet 45 Motion,5669,Mikaela  Sundqvist , ,4:33:17
580,350,Engelbrektsloppet 45 Motion,5503,Frida Ask, ,4:34:40
581,351,Engelbrektsloppet 45 Motion,5636,Oskar Samuelsson, ,4:35:15
582,352,Engelbrektsloppet 45 Motion,4437,Pär Alvinzi, ,4:35:25
583,353,Engelbrektsloppet 45 Motion,4470,Arvid Hellström, ,4:35:28
584,354,Engelbrektsloppet 45 Motion,4471,Markus Hölbling,IK Jarl,4:35:30
585,355,Engelbrektsloppet 45 Motion,5734,Maria Lantz O'Connor,Idrottsföreningen Rinkeby Run,4:36:02
586,196,Engelbrektsloppet 45 Tävling Herrar,5263,Gustav Andersson,Snö och Tö skidklubb,4:36:17
587,356,Engelbrektsloppet 45 Motion,5534,Siri  Coxner Norman ,AXA Sports Club,4:36:33
588,357,Engelbrektsloppet 45 Motion,4459,Simon Andersson,Ärna Idrottsförening Uppsala Garnison,4:36:58
589,197,Engelbrektsloppet 45 Tävling Herrar,5262,William  Scherrer,Västerås Skid O OK,4:37:24
590,358,Engelbrektsloppet 45 Motion,5688,Angelica Grimheden, ,4:39:15
591,359,Engelbrektsloppet 45 Motion,5710,Siri Ferngren,AXA Sports Club,4:39:17
592,360,Engelbrektsloppet 45 Motion,5375,Sara Johansson,Norbergs Orienteringsklubb,4:39:49
593,361,Engelbrektsloppet 45 Motion,5579,Rio Cederlund , ,4:40:10
594,362,Engelbrektsloppet 45 Motion,5580,Louise Spåra, ,4:41:09
595,363,Engelbrektsloppet 45 Motion,5708,Anna Roos,Ockelbo Skidklubb,4:41:47
596,36,Engelbrektsloppet 45 Tävling Damer,5538,Malin Emmoth,AXA Sports Club,4:42:06
597,364,Engelbrektsloppet 45 Motion,5759,Sara Gisslén, ,4:43:16
598,365,Engelbrektsloppet 45 Motion,5762,Andreas Eriksson,Jokkmokks Skidklubb,4:44:16
599,366,Engelbrektsloppet 45 Motion,5730,Theres Björkskog,Heby Allmänna Idrottsförening,4:44:57
600,367,Engelbrektsloppet 45 Motion,4448,Karin Scheutz,Ärna Idrottsförening Uppsala Garnison,4:44:58
601,368,Engelbrektsloppet 45 Motion,5732,Linn Hemlin,IFK Sala,4:45:00
602,198,Engelbrektsloppet 45 Tävling Herrar,5259,Anton Weihard,AXA Sports Club,4:45:09
603,369,Engelbrektsloppet 45 Motion,5541,Linus Nestorson, ,4:45:15
604,370,Engelbrektsloppet 45 Motion,5549,Mariann Nordberg,MCC-IF,4:45:31
605,371,Engelbrektsloppet 45 Motion,4460,Hedvig Fichtelius,Ärna Idrottsförening Uppsala Garnison,4:45:44
606,199,Engelbrektsloppet 45 Tävling Herrar,5234,Christoffer Elings-Pers,Vibyggerå Sportklubb,4:45:51
607,372,Engelbrektsloppet 45 Motion,5376,Marina Engholm,Östavall IF,4:46:47
608,37,Engelbrektsloppet 45 Tävling Damer,4537,Paulina Cronholm,AXA Sports Club,4:47:20
609,38,Engelbrektsloppet 45 Tävling Damer,4538,Moa Jonsson,AXA Sports Club,4:47:20
610,373,Engelbrektsloppet 45 Motion,5788,Sofie Ågren,Tjalve IF,4:49:06
611,374,Engelbrektsloppet 45 Motion,5368,Anders Ramdén,Roslagens Alpina Klubb,4:49:40
612,200,Engelbrektsloppet 45 Tävling Herrar,5224,Rainer Dörenberg,Föreningen Engelbrektsloppet,4:49:57
613,375,Engelbrektsloppet 45 Motion,5670,Elin Berg,AXA Sports Club,4:49:59
614,376,Engelbrektsloppet 45 Motion,5360,Jimmy Naess,Tidaholm SOK Sisu,4:51:10
615,39,Engelbrektsloppet 45 Tävling Damer,4543,Johanna Vikström,Nynäs Idrottsklubb,4:51:23
616,377,Engelbrektsloppet 45 Motion,5539,Tina  Gustavsson , ,4:52:18
617,378,Engelbrektsloppet 45 Motion,5790,Lars Lund, ,4:53:55
618,379,Engelbrektsloppet 45 Motion,5390,Mats Strandman,Sätra Idrottsförening,4:54:21
619,380,Engelbrektsloppet 45 Motion,5737,Rebecca Tullsäng,7-Mila Skidklubb,4:55:05
620,381,Engelbrektsloppet 45 Motion,4446,Marie Wrande, ,4:55:59
621,382,Engelbrektsloppet 45 Motion,5741,Jennifer Ohlson,Baggetorps Idrottsförening,4:56:02
622,383,Engelbrektsloppet 45 Motion,5395,Eric Calmerman,Österåkers Trampolin Förening,4:56:18
623,384,Engelbrektsloppet 45 Motion,4447,Tove Wrande,Trosabygdens Orienteringsklubb,4:56:20
624,40,Engelbrektsloppet 45 Tävling Damer,5358,Siv Naess,Tidaholm SOK Sisu,4:56:42
625,385,Engelbrektsloppet 45 Motion,5676,Helen Ala-Kojola,Idrottsföreningen Rinkeby Run,4:57:42
626,386,Engelbrektsloppet 45 Motion,5600,Barbro  Gustafsson , ,4:58:00
627,387,Engelbrektsloppet 45 Motion,5342,Chatarina Ståhl, ,5:02:56
628,388,Engelbrektsloppet 45 Motion,5521,Roger Nyberg, ,5:05:33
629,389,Engelbrektsloppet 45 Motion,5523,Frida Nyberg, ,5:05:38
630,390,Engelbrektsloppet 45 Motion,5723,Anna Schenning, ,5:06:44
631,391,Engelbrektsloppet 45 Motion,5724,Sebel Lindblom, ,5:06:45
632,41,Engelbrektsloppet 45 Tävling Damer,4540,Filippa Egervall,AXA Sports Club,5:07:23
633,392,Engelbrektsloppet 45 Motion,5581,Annika Hedberg, ,5:07:31
634,393,Engelbrektsloppet 45 Motion,5654,Andreas Båth,Bälinge Idrottsförening,5:07:45
635,394,Engelbrektsloppet 45 Motion,5364,Johan  Heleander, ,5:07:57
636,395,Engelbrektsloppet 45 Motion,5657,Bibbi Brändström, ,5:09:12
637,396,Engelbrektsloppet 45 Motion,5605,Evy  Johansson, ,5:11:53
638,397,Engelbrektsloppet 45 Motion,5532,Karin Crantz, ,5:12:48
639,398,Engelbrektsloppet 45 Motion,5531,Thomas Ek,Gubbvadens IF,5:12:50
640,399,Engelbrektsloppet 45 Motion,5601,Jessica  Juneholt,Jumkils Idrottsförening,5:12:51
641,400,Engelbrektsloppet 45 Motion,5552,Sofie Bjurmark, ,5:13:43
642,401,Engelbrektsloppet 45 Motion,4466,Julia Hultin, ,5:14:16
643,402,Engelbrektsloppet 45 Motion,4465,Sandra Hultin Dojorti, ,5:14:17
644,403,Engelbrektsloppet 45 Motion,5689,Pernilla  Beinö,Trafikverket Fritidsförening CF,5:15:16
645,404,Engelbrektsloppet 45 Motion,5699,Annette Duty, ,5:15:23
646,405,Engelbrektsloppet 45 Motion,5356,Anders Wase, ,5:15:40
647,406,Engelbrektsloppet 45 Motion,5355,Maria Wase, ,5:15:42
648,407,Engelbrektsloppet 45 Motion,4453,Kevin Önder,AXA Sports Club,5:16:25
649,408,Engelbrektsloppet 45 Motion,5682,Sophia Röjning Rörström, ,5:17:31
650,409,Engelbrektsloppet 45 Motion,5507,Jonny Sigemo,Täby IS Skidklubb,5:18:05
651,410,Engelbrektsloppet 45 Motion,5506,Maria Fransson,Täby IS Skidklubb,5:18:07
652,411,Engelbrektsloppet 45 Motion,5536,Cecilia Kennergren,AXA Sports Club,5:18:55
653,412,Engelbrektsloppet 45 Motion,5553,Maria  Spångberg, ,5:22:40
654,413,Engelbrektsloppet 45 Motion,5337,Johan Nohall,Hammarby IF Skidförening,5:23:04
655,414,Engelbrektsloppet 45 Motion,5733,Oskar  Lundin , ,5:24:12
656,415,Engelbrektsloppet 45 Motion,5361,Merethe Adolfsson,Tidaholm SOK Sisu,5:32:45
657,416,Engelbrektsloppet 45 Motion,5362,Tommy Adolfsson,Tidaholm SOK Sisu,5:35:26
658,417,Engelbrektsloppet 45 Motion,5551,Elin Agnesjö, ,5:38:15
659,418,Engelbrektsloppet 45 Motion,5735,Sally  Lundin, ,5:39:09
660,419,Engelbrektsloppet 45 Motion,5727,Erik Sandqvist, ,5:40:09
661,420,Engelbrektsloppet 45 Motion,5341,Mathias Ståhl, ,5:41:30
662,421,Engelbrektsloppet 45 Motion,5608,Jessica Westerberg , ,5:48:50
663,422,Engelbrektsloppet 45 Motion,5382,Ingrid Widell, ,5:52:01
664,423,Engelbrektsloppet 45 Motion,5502,Josse Söderberg,Nässjö Ski,5:53:44
665,424,Engelbrektsloppet 45 Motion,5767,Camilla Mattebo, ,5:54:05
666,425,Engelbrektsloppet 45 Motion,5328,N N, ,5:54:07
667,426,Engelbrektsloppet 45 Motion,5326,Sara Samuelsson, ,5:54:07
668,427,Engelbrektsloppet 45 Motion,5745,Peter Spengs, ,5:59:43
669,428,Engelbrektsloppet 45 Motion,10019,Björn Sörman,Wedevågs Idrottsförening,6:00:12
670,429,Engelbrektsloppet 45 Motion,5798,Joakim Rasmusson, ,6:06:04
671,430,Engelbrektsloppet 45 Motion,5703,Kia Wallberg Hjorth,Team Röjberg,6:17:13
672,431,Engelbrektsloppet 45 Motion,5740,Cesar Duchen, ,6:36:02
673,432,Engelbrektsloppet 45 Motion,5736,Gudrun Tapper Duchen, ,6:36:06
674,433,Engelbrektsloppet 45 Motion,5650,Jacob Öbrell, ,6:40:57
675,434,Engelbrektsloppet 45 Motion,5651,Kim Koukkari, ,6:40:58
676,435,Engelbrektsloppet 45 Motion,5396,Peter Ivarsson,FK Snapphanarna,6:48:27
